id,first_name,last_name,email,gender
1,Pierette,Deners,pdeners0@1und1.de,Female
2,Gage,Opdenorth,gopdenorth1@hugedomains.com,Male
3,Raquel,Gabriel,rgabriel2@studiopress.com,Female
4,Matti,Sullly,msullly3@soundcloud.com,Female
5,Zita,Doggart,zdoggart4@ftc.gov,Female
6,Roy,Weekley,rweekley5@mayoclinic.com,Male
7,Errol,Shoveller,eshoveller6@pcworld.com,Male
8,Merle,Creser,mcreser7@washingtonpost.com,Female
9,Addie,Craiker,acraiker8@cargocollective.com,Female
10,Guillermo,Halliberton,ghalliberton9@360.cn,Male
11,Nikolia,Goldbourn,ngoldbourna@yahoo.com,Female
12,Tedi,Jiruch,tjiruchb@networkadvertising.org,Female
13,Bartholomew,Ettridge,bettridgec@google.it,Male
14,Wallas,Sowerby,wsowerbyd@shareasale.com,Male
15,Wildon,Stapylton,wstapyltone@dot.gov,Male
16,Ag,Vanner,avannerf@sitemeter.com,Female
17,Maggy,Drewett,mdrewettg@shutterfly.com,Female
18,Sophia,Pingstone,spingstoneh@bluehost.com,Female
19,Arlena,Nelthropp,anelthroppi@cpanel.net,Female
20,Lulita,Byres,lbyresj@ibm.com,Female
21,Barnaby,Tookey,btookeyk@marriott.com,Male
22,Donall,Chittock,dchittockl@google.it,Male
23,Ed,Jex,ejexm@mozilla.org,Male
24,Rasla,Braithwait,rbraithwaitn@eepurl.com,Female
25,Burty,Bollen,bbolleno@bloglovin.com,Male
26,Francisco,Jaggli,fjagglip@so-net.ne.jp,Male
27,Paddy,Beyne,pbeyneq@twitpic.com,Male
28,Kennith,Litton,klittonr@hostgator.com,Male
29,Steve,Kynnd,skynnds@tiny.cc,Male
30,Darryl,Hands,dhandst@ameblo.jp,Female
31,Ashly,Willock,awillocku@example.com,Female
32,Rafaellle,Kleewein,rkleeweinv@nasa.gov,Male
33,Salvidor,Bierling,sbierlingw@chronoengine.com,Male
34,Aubert,McLaine,amclainex@walmart.com,Male
35,Ilse,Whiskerd,iwhiskerdy@google.de,Female
36,Marlo,MacKartan,mmackartanz@rediff.com,Male
37,Wylie,Lednor,wlednor10@ihg.com,Male
38,Alva,Nolleau,anolleau11@hubpages.com,Male
39,Cariotta,Braune,cbraune12@hugedomains.com,Female
40,Rick,Serris,rserris13@phpbb.com,Male
41,Jamil,Curd,jcurd14@livejournal.com,Male
42,Orsa,Faber,ofaber15@nature.com,Female
43,Merrilee,Syers,msyers16@studiopress.com,Female
44,Kort,Blodgetts,kblodgetts17@soundcloud.com,Male
45,Northrup,O'Lunny,nolunny18@so-net.ne.jp,Male
46,Biddy,Beecker,bbeecker19@latimes.com,Female
47,Sidnee,Canland,scanland1a@free.fr,Male
48,Karim,Brumwell,kbrumwell1b@gravatar.com,Male
49,Ransell,Marte,rmarte1c@seattletimes.com,Male
50,Billie,Wassung,bwassung1d@google.cn,Female
51,Eduardo,Hannabuss,ehannabuss1e@homestead.com,Male
52,Alfred,Jenicke,ajenicke1f@twitter.com,Male
53,Ignaz,Goning,igoning1g@ifeng.com,Male
54,Marci,Joscelyn,mjoscelyn1h@51.la,Female
55,Wanda,Leasor,wleasor1i@adobe.com,Female
56,Else,Koppen,ekoppen1j@comcast.net,Female
57,Sayer,Petrina,spetrina1k@toplist.cz,Male
58,Warden,McMonnies,wmcmonnies1l@smh.com.au,Male
59,Elmore,MacKean,emackean1m@pcworld.com,Male
60,Lark,Edgeworth,ledgeworth1n@digg.com,Female
61,Modesta,Dominy,mdominy1o@cmu.edu,Female
62,Corbet,MacGlory,cmacglory1p@privacy.gov.au,Male
63,Agace,Ferrillio,aferrillio1q@skyrock.com,Female
64,Carla,Silver,csilver1r@tuttocitta.it,Female
65,Una,Duxbarry,uduxbarry1s@netlog.com,Female
66,Calvin,Colliard,ccolliard1t@stumbleupon.com,Male
67,Sapphira,Bagehot,sbagehot1u@craigslist.org,Female
68,Micheil,Vankov,mvankov1v@google.nl,Male
69,Emilie,De Blasi,edeblasi1w@unicef.org,Female
70,Winifield,Grieve,wgrieve1x@squidoo.com,Male
71,Al,Lindegard,alindegard1y@sohu.com,Male
72,Ginnifer,Korn,gkorn1z@state.gov,Female
73,Burt,Hallitt,bhallitt20@rediff.com,Male
74,Daron,Nelthrop,dnelthrop21@de.vu,Female
75,Ame,Ivel,aivel22@example.com,Female
76,Veda,Summersby,vsummersby23@apache.org,Female
77,Lou,Gergus,lgergus24@who.int,Male
78,Christie,Rainbow,crainbow25@wiley.com,Male
79,Corby,Orsman,corsman26@jimdo.com,Male
80,Francklin,Britland,fbritland27@nps.gov,Male
81,Nomi,Gallamore,ngallamore28@theatlantic.com,Female
82,Frederigo,Van der Kruijs,fvanderkruijs29@shutterfly.com,Male
83,Lyon,Stanlike,lstanlike2a@squarespace.com,Male
84,Jonathon,Sharrier,jsharrier2b@nsw.gov.au,Male
85,Sonja,Kennford,skennford2c@dailymotion.com,Female
86,Olivier,Heimann,oheimann2d@prweb.com,Male
87,Floris,Grombridge,fgrombridge2e@blogs.com,Female
88,Mandie,Taill,mtaill2f@topsy.com,Female
89,Graham,Crombleholme,gcrombleholme2g@godaddy.com,Male
90,Briggs,Ketchell,bketchell2h@prnewswire.com,Male
91,Jazmin,Frearson,jfrearson2i@e-recht24.de,Female
92,Helga,Malby,hmalby2j@liveinternet.ru,Female
93,Thaddus,Chazette,tchazette2k@liveinternet.ru,Male
94,Lek,Maulden,lmaulden2l@sogou.com,Male
95,Antonino,Rorke,arorke2m@sourceforge.net,Male
96,Clemence,Fuke,cfuke2n@fc2.com,Female
97,Skippy,Cavnor,scavnor2o@technorati.com,Male
98,Lemuel,Webber,lwebber2p@joomla.org,Male
99,Vergil,McCumskay,vmccumskay2q@thetimes.co.uk,Male
100,Sigismundo,Garter,sgarter2r@etsy.com,Male
101,Robyn,Guidi,rguidi2s@unicef.org,Female
102,Richmound,Shimwall,rshimwall2t@linkedin.com,Male
103,Creight,Methley,cmethley2u@ocn.ne.jp,Male
104,Enrique,Bordessa,ebordessa2v@ebay.com,Male
105,Claudetta,MacFarlane,cmacfarlane2w@cloudflare.com,Female
106,Jarred,Jerschke,jjerschke2x@pbs.org,Male
107,Vonni,Bengoechea,vbengoechea2y@diigo.com,Female
108,Noelle,FitzGilbert,nfitzgilbert2z@addthis.com,Female
109,Karl,McLeman,kmcleman30@topsy.com,Male
110,Tyson,Childes,tchildes31@fastcompany.com,Male
111,Riane,Dumbrall,rdumbrall32@patch.com,Female
112,Ray,Ovett,rovett33@google.com.au,Female
113,Brandais,Ricart,bricart34@ning.com,Female
114,Say,Poad,spoad35@chron.com,Male
115,Hermie,Binney,hbinney36@cbslocal.com,Male
116,Jobie,Blakely,jblakely37@oaic.gov.au,Female
117,Dall,Broadbere,dbroadbere38@slate.com,Male
118,Alexia,Nuccii,anuccii39@biblegateway.com,Female
119,Iggy,Bonnyson,ibonnyson3a@army.mil,Male
120,Lin,Booler,lbooler3b@guardian.co.uk,Female
121,Aldous,Cordier,acordier3c@shareasale.com,Male
122,Marci,Mickan,mmickan3d@cornell.edu,Female
123,Shepperd,Churchlow,schurchlow3e@comcast.net,Male
124,Esra,Hebblewhite,ehebblewhite3f@intel.com,Male
125,Tabor,Petracek,tpetracek3g@moonfruit.com,Male
126,Sibeal,Coombs,scoombs3h@bloglovin.com,Female
127,Stephanus,Capener,scapener3i@marketwatch.com,Male
128,Kermie,Martusewicz,kmartusewicz3j@utexas.edu,Male
129,Quentin,Shearer,qshearer3k@infoseek.co.jp,Male
130,Angelina,Stickler,astickler3l@ameblo.jp,Female
131,Benedicta,Ainsbury,bainsbury3m@irs.gov,Female
132,Cory,Brockie,cbrockie3n@yale.edu,Female
133,Lauri,Deport,ldeport3o@nytimes.com,Female
134,Damita,Reiners,dreiners3p@webmd.com,Female
135,Vitoria,Inkles,vinkles3q@flavors.me,Female
136,Stanfield,Gobbett,sgobbett3r@hibu.com,Male
137,Chas,Mateescu,cmateescu3s@whitehouse.gov,Male
138,Ripley,Oneil,roneil3t@msu.edu,Male
139,Stevana,Freathy,sfreathy3u@google.com.hk,Female
140,Jermain,Kitchenham,jkitchenham3v@addthis.com,Male
141,Idaline,Ghirigori,ighirigori3w@columbia.edu,Female
142,Faina,Meugens,fmeugens3x@opensource.org,Female
143,Nils,Galiero,ngaliero3y@gmpg.org,Male
144,Em,Burnsell,eburnsell3z@smh.com.au,Male
145,Joy,Wych,jwych40@hugedomains.com,Female
146,Hyacinthia,Dagg,hdagg41@ucla.edu,Female
147,Rudiger,Woolaghan,rwoolaghan42@craigslist.org,Male
148,Alejandra,Hammerman,ahammerman43@whitehouse.gov,Female
149,Max,Simcock,msimcock44@xinhuanet.com,Female
150,Katherine,Pester,kpester45@comsenz.com,Female
151,Moise,Featonby,mfeatonby46@delicious.com,Male
152,Fredric,Hurdedge,fhurdedge47@howstuffworks.com,Male
153,Elke,Blazeby,eblazeby48@linkedin.com,Female
154,Claudell,Podd,cpodd49@hc360.com,Male
155,Zena,Kirimaa,zkirimaa4a@ustream.tv,Female
156,Roderich,Gehrtz,rgehrtz4b@exblog.jp,Male
157,Bordy,Dilworth,bdilworth4c@ezinearticles.com,Male
158,Felicia,Riby,friby4d@instagram.com,Female
159,Ave,Bullene,abullene4e@cyberchimps.com,Male
160,Maible,Littledyke,mlittledyke4f@army.mil,Female
161,Eirena,Robker,erobker4g@spiegel.de,Female
162,Nikoletta,Ortiga,nortiga4h@clickbank.net,Female
163,Gaspard,Snipe,gsnipe4i@army.mil,Male
164,Tades,Fann,tfann4j@foxnews.com,Male
165,Garnet,Squibb,gsquibb4k@illinois.edu,Female
166,Dorie,Kitteridge,dkitteridge4l@printfriendly.com,Male
167,Madelina,Tonna,mtonna4m@admin.ch,Female
168,Trescha,Innocent,tinnocent4n@infoseek.co.jp,Female
169,Elva,Vaggs,evaggs4o@foxnews.com,Female
170,Fan,Dreng,fdreng4p@reverbnation.com,Female
171,Kameko,Abramson,kabramson4q@issuu.com,Female
172,Thoma,Bickerstaff,tbickerstaff4r@blog.com,Male
173,Nari,Whanstall,nwhanstall4s@shinystat.com,Female
174,Walsh,Neles,wneles4t@tuttocitta.it,Male
175,Roxie,Manwaring,rmanwaring4u@mashable.com,Female
176,Corbie,Lippi,clippi4v@bandcamp.com,Male
177,Goober,Murdie,gmurdie4w@sbwire.com,Male
178,Keeley,St Pierre,kstpierre4x@freewebs.com,Female
179,Cami,Branson,cbranson4y@delicious.com,Female
180,Hoyt,Redihough,hredihough4z@ebay.co.uk,Male
181,Susie,Ovenell,sovenell50@stanford.edu,Female
182,Melanie,Abramin,mabramin51@oracle.com,Female
183,Joli,Marchbank,jmarchbank52@github.io,Female
184,Luis,Marsie,lmarsie53@indiegogo.com,Male
185,Aprilette,Greystoke,agreystoke54@google.nl,Female
186,Durward,Dreakin,ddreakin55@samsung.com,Male
187,Inigo,Edwick,iedwick56@mozilla.org,Male
188,Myles,Bartkowiak,mbartkowiak57@i2i.jp,Male
189,Jarret,Higounet,jhigounet58@dailymail.co.uk,Male
190,Shaughn,Kemmett,skemmett59@drupal.org,Male
191,Nathalie,Matashkin,nmatashkin5a@storify.com,Female
192,Alan,Willbond,awillbond5b@ca.gov,Male
193,Abbe,Tapton,atapton5c@de.vu,Male
194,Staci,Ramsden,sramsden5d@vistaprint.com,Female
195,Dore,Robertet,drobertet5e@jimdo.com,Female
196,Ellene,McDonald,emcdonald5f@goo.gl,Female
197,Northrup,Guilloton,nguilloton5g@china.com.cn,Male
198,See,Luciano,sluciano5h@pagesperso-orange.fr,Male
199,Cindi,Breeder,cbreeder5i@dailymail.co.uk,Female
200,Isidoro,Metheringham,imetheringham5j@google.cn,Male
201,Weidar,Basson,wbasson5k@i2i.jp,Male
202,Mathew,Kennan,mkennan5l@ftc.gov,Male
203,Padget,Whyte,pwhyte5m@webeden.co.uk,Male
204,Carina,Semiras,csemiras5n@xing.com,Female
205,Catherine,Cremen,ccremen5o@github.io,Female
206,Clarey,Tortoise,ctortoise5p@theatlantic.com,Female
207,Katie,Zanicchi,kzanicchi5q@examiner.com,Female
208,Candi,Roder,croder5r@booking.com,Female
209,Denice,Ziebart,dziebart5s@state.gov,Female
210,Winston,Huttley,whuttley5t@howstuffworks.com,Male
211,Fran,Pears,fpears5u@ning.com,Female
212,Calida,Moscone,cmoscone5v@jugem.jp,Female
213,Madelaine,Boobier,mboobier5w@nasa.gov,Female
214,Camila,Keneford,ckeneford5x@ftc.gov,Female
215,Brad,Windebank,bwindebank5y@bloomberg.com,Male
216,Tallulah,Beacon,tbeacon5z@fda.gov,Female
217,Belvia,Ivison,bivison60@prlog.org,Female
218,Flory,Olyfat,folyfat61@gmpg.org,Female
219,Pearla,Kondratyuk,pkondratyuk62@drupal.org,Female
220,Marlane,Thornborrow,mthornborrow63@examiner.com,Female
221,Brit,Beckmann,bbeckmann64@vkontakte.ru,Female
222,Avivah,Pena,apena65@twitpic.com,Female
223,Carie,Longhorne,clonghorne66@statcounter.com,Female
224,Alysa,Damarell,adamarell67@chron.com,Female
225,Verine,Willox,vwillox68@macromedia.com,Female
226,Eugenia,Godridge,egodridge69@weebly.com,Female
227,Jessy,Dmitrievski,jdmitrievski6a@facebook.com,Female
228,Hughie,Spurrett,hspurrett6b@salon.com,Male
229,Farlee,Jarratt,fjarratt6c@skyrock.com,Male
230,Skye,Gepson,sgepson6d@bizjournals.com,Male
231,Morse,Kenningham,mkenningham6e@sina.com.cn,Male
232,Craggie,Bartlosz,cbartlosz6f@icq.com,Male
233,Gasparo,Pratty,gpratty6g@comsenz.com,Male
234,Boycey,McGrann,bmcgrann6h@ifeng.com,Male
235,Rosemarie,Ebhardt,rebhardt6i@bloglovin.com,Female
236,Irvin,Isaksen,iisaksen6j@china.com.cn,Male
237,Merrel,Morch,mmorch6k@networksolutions.com,Male
238,Loreen,Tansley,ltansley6l@fema.gov,Female
239,Moritz,Cabell,mcabell6m@java.com,Male
240,Babbette,Barkshire,bbarkshire6n@newsvine.com,Female
241,Henrietta,Forton,hforton6o@tripod.com,Female
242,Dayna,Goward,dgoward6p@phpbb.com,Female
243,Reginauld,Hoppner,rhoppner6q@ezinearticles.com,Male
244,Brandais,Styan,bstyan6r@wufoo.com,Female
245,Lancelot,Roskell,lroskell6s@vimeo.com,Male
246,Dukey,Livesay,dlivesay6t@prweb.com,Male
247,Nellie,Hinnerk,nhinnerk6u@list-manage.com,Female
248,Maressa,Dillet,mdillet6v@latimes.com,Female
249,Kathy,Wardroper,kwardroper6w@hatena.ne.jp,Female
250,Darby,Laugheran,dlaugheran6x@altervista.org,Male
251,Lazaro,Mosedill,lmosedill6y@ucla.edu,Male
252,Kile,Klimes,kklimes6z@ustream.tv,Male
253,Reinhard,Canadine,rcanadine70@godaddy.com,Male
254,Hannie,Kenion,hkenion71@nasa.gov,Female
255,Donn,Niessen,dniessen72@amazonaws.com,Male
256,Kamillah,Tirkin,ktirkin73@wsj.com,Female
257,Daniel,Ballinger,dballinger74@msu.edu,Male
258,Thebault,Caldow,tcaldow75@lycos.com,Male
259,Gabbie,Goose,ggoose76@miibeian.gov.cn,Male
260,Rachel,Enrico,renrico77@ning.com,Female
261,Leupold,How to preserve,lhowtopreserve78@hibu.com,Male
262,Maryann,Passby,mpassby79@nationalgeographic.com,Female
263,Daisey,Halburton,dhalburton7a@nbcnews.com,Female
264,Mac,Duffyn,mduffyn7b@naver.com,Male
265,Persis,Wiz,pwiz7c@constantcontact.com,Female
266,Rogers,Lofty,rlofty7d@livejournal.com,Male
267,Dredi,Gobel,dgobel7e@fotki.com,Female
268,Dalenna,Romeuf,dromeuf7f@vk.com,Female
269,Crysta,Tilt,ctilt7g@eventbrite.com,Female
270,Susie,Cossem,scossem7h@ihg.com,Female
271,Kaine,Conlaund,kconlaund7i@flickr.com,Male
272,Ingram,Sea,isea7j@nbcnews.com,Male
273,Lyn,Yushkov,lyushkov7k@oaic.gov.au,Female
274,Randolf,Pavia,rpavia7l@blinklist.com,Male
275,Maxie,Sheach,msheach7m@devhub.com,Female
276,Padraic,Scranny,pscranny7n@delicious.com,Male
277,Rhona,Ianilli,rianilli7o@alexa.com,Female
278,Fabe,Devote,fdevote7p@dot.gov,Male
279,Tiebold,Guiett,tguiett7q@nba.com,Male
280,Arlan,Simak,asimak7r@technorati.com,Male
281,Goddart,Laffranconi,glaffranconi7s@trellian.com,Male
282,Kevyn,Tanswell,ktanswell7t@wired.com,Female
283,Hermann,Kalb,hkalb7u@weather.com,Male
284,Lynna,Rotherforth,lrotherforth7v@hatena.ne.jp,Female
285,Eberhard,MacGuigan,emacguigan7w@ycombinator.com,Male
286,Merrie,Couch,mcouch7x@java.com,Female
287,Carlye,Sandeford,csandeford7y@hud.gov,Female
288,Harp,Earwaker,hearwaker7z@state.tx.us,Male
289,Mikel,Heffron,mheffron80@nbcnews.com,Male
290,Kelley,Jozefczak,kjozefczak81@techcrunch.com,Female
291,Kelsy,Hibling,khibling82@vimeo.com,Female
292,Kissie,Geldert,kgeldert83@washingtonpost.com,Female
293,Cecilio,Farlham,cfarlham84@archive.org,Male
294,Devonna,Skoate,dskoate85@yellowpages.com,Female
295,Drusie,Antonchik,dantonchik86@weebly.com,Female
296,Tybi,Monkhouse,tmonkhouse87@eventbrite.com,Female
297,Ernst,Ronchetti,eronchetti88@plala.or.jp,Male
298,Raquela,Weare,rweare89@baidu.com,Female
299,Wyatt,Sicely,wsicely8a@cbc.ca,Male
300,Adela,Jobb,ajobb8b@slideshare.net,Female
301,Milton,Tyhurst,mtyhurst8c@163.com,Male
302,Wren,Rowlett,wrowlett8d@1und1.de,Female
303,Marcie,Conway,mconway8e@geocities.jp,Female
304,Linda,Lyall,llyall8f@youtu.be,Female
305,Haskell,Brownsall,hbrownsall8g@patch.com,Male
306,Priscilla,Parkins,pparkins8h@360.cn,Female
307,Orv,Hrihorovich,ohrihorovich8i@huffingtonpost.com,Male
308,Kelsey,Cremen,kcremen8j@salon.com,Male
309,Pren,Strode,pstrode8k@seattletimes.com,Male
310,Genovera,Cathel,gcathel8l@skyrock.com,Female
311,Humfried,Gossop,hgossop8m@123-reg.co.uk,Male
312,Bordie,Schermick,bschermick8n@mapquest.com,Male
313,Rhonda,Pead,rpead8o@census.gov,Female
314,Orelee,Denial,odenial8p@zdnet.com,Female
315,Ernst,Quinlan,equinlan8q@ebay.com,Male
316,Sofie,Lohering,slohering8r@privacy.gov.au,Female
317,Ignatius,Paulon,ipaulon8s@marriott.com,Male
318,Jere,Orht,jorht8t@is.gd,Male
319,Christi,Balderstone,cbalderstone8u@wikia.com,Female
320,Perri,Nund,pnund8v@wufoo.com,Female
321,Shannon,Bonnett,sbonnett8w@livejournal.com,Male
322,Charita,Pavlenko,cpavlenko8x@berkeley.edu,Female
323,Sherry,Cowely,scowely8y@fema.gov,Female
324,Mab,MacKartan,mmackartan8z@indiatimes.com,Female
325,Yorgos,Lyffe,ylyffe90@123-reg.co.uk,Male
326,Waite,Melanaphy,wmelanaphy91@weather.com,Male
327,Bren,Hartropp,bhartropp92@1und1.de,Male
328,Eugenio,Coppo,ecoppo93@google.cn,Male
329,Brendan,Avarne,bavarne94@chronoengine.com,Male
330,Dylan,Souten,dsouten95@amazon.co.jp,Male
331,Rees,Seed,rseed96@harvard.edu,Male
332,Christi,Faust,cfaust97@wordpress.com,Female
333,Pierre,Ker,pker98@angelfire.com,Male
334,Napoleon,Reinbeck,nreinbeck99@imdb.com,Male
335,Amalia,Bilbie,abilbie9a@taobao.com,Female
336,Reggis,Poskitt,rposkitt9b@linkedin.com,Male
337,Diane-marie,Legion,dlegion9c@cocolog-nifty.com,Female
338,Silvana,Torr,storr9d@hubpages.com,Female
339,Brant,Dallewater,bdallewater9e@deviantart.com,Male
340,Darby,Clever,dclever9f@posterous.com,Female
341,Celesta,Shale,cshale9g@fastcompany.com,Female
342,Reg,Bourke,rbourke9h@oakley.com,Male
343,Marmaduke,Griffith,mgriffith9i@earthlink.net,Male
344,Nannie,Grossier,ngrossier9j@multiply.com,Female
345,Karissa,Lannin,klannin9k@bloglovin.com,Female
346,Corinne,Edlyn,cedlyn9l@i2i.jp,Female
347,Gaby,Vaszoly,gvaszoly9m@drupal.org,Male
348,Ely,Boni,eboni9n@dailymotion.com,Male
349,Dulsea,Lowrance,dlowrance9o@wix.com,Female
350,Kameko,Hyndes,khyndes9p@businessinsider.com,Female
351,Franchot,Janaway,fjanaway9q@themeforest.net,Male
352,Jayme,Dodson,jdodson9r@pbs.org,Male
353,Sibel,Salmen,ssalmen9s@wikipedia.org,Female
354,Mahmoud,Aleso,maleso9t@economist.com,Male
355,Ulrikaumeko,Iskow,uiskow9u@stanford.edu,Female
356,Luelle,Samper,lsamper9v@unicef.org,Female
357,Skelly,Innis,sinnis9w@canalblog.com,Male
358,Hermina,Timblett,htimblett9x@dion.ne.jp,Female
359,Blondell,Greenough,bgreenough9y@ifeng.com,Female
360,Derek,McLaren,dmclaren9z@cisco.com,Male
361,Marchall,Lalor,mlalora0@washingtonpost.com,Male
362,Erminia,Affuso,eaffusoa1@ehow.com,Female
363,Lorenza,Reinard,lreinarda2@geocities.com,Female
364,Rhys,Waszczykowski,rwaszczykowskia3@yelp.com,Male
365,Stephan,Waumsley,swaumsleya4@fema.gov,Male
366,Quentin,Willatts,qwillattsa5@mediafire.com,Male
367,Torrin,MacCumeskey,tmaccumeskeya6@irs.gov,Male
368,Brier,Divall,bdivalla7@xrea.com,Female
369,Ermin,Pegden,epegdena8@privacy.gov.au,Male
370,Tessi,Guerrier,tguerriera9@flavors.me,Female
371,Durward,Ketley,dketleyaa@nhs.uk,Male
372,Mufi,Spinney,mspinneyab@house.gov,Female
373,Ezequiel,Grutchfield,egrutchfieldac@eepurl.com,Male
374,Birch,Duran,bduranad@dropbox.com,Male
375,Hiram,Coleby,hcolebyae@opera.com,Male
376,Ranee,Richens,rrichensaf@sogou.com,Female
377,Janel,Turbayne,jturbayneag@digg.com,Female
378,Drucill,Ferryman,dferrymanah@howstuffworks.com,Female
379,Dehlia,MacDermot,dmacdermotai@pagesperso-orange.fr,Female
380,Zabrina,Zecchii,zzecchiiaj@apple.com,Female
381,Augustine,Campa,acampaak@soundcloud.com,Female
382,Kain,Gummoe,kgummoeal@ezinearticles.com,Male
383,Almira,Rate,arateam@myspace.com,Female
384,Vonnie,Kimbury,vkimburyan@dmoz.org,Female
385,Ferdinande,Goulborn,fgoulbornao@soundcloud.com,Female
386,Kipper,Ladbrooke,kladbrookeap@samsung.com,Male
387,Seth,Pratten,sprattenaq@cbsnews.com,Male
388,Frankie,Shepstone,fshepstonear@dropbox.com,Female
389,Davie,Guppy,dguppyas@illinois.edu,Male
390,Fanechka,Badwick,fbadwickat@is.gd,Female
391,Vanny,Guerreru,vguerreruau@mysql.com,Female
392,Eldin,Janiszewski,ejaniszewskiav@github.com,Male
393,Emmi,Franschini,efranschiniaw@goo.ne.jp,Female
394,Obediah,Maeer,omaeerax@va.gov,Male
395,Cornell,O'Heneghan,coheneghanay@va.gov,Male
396,Latisha,Nobles,lnoblesaz@ning.com,Female
397,Bartolomeo,Sprosson,bsprossonb0@bloomberg.com,Male
398,Glad,O'Noland,gonolandb1@shutterfly.com,Female
399,Nicola,Cheyney,ncheyneyb2@opensource.org,Female
400,Field,Potte,fpotteb3@yellowbook.com,Male
401,Terry,Bustard,tbustardb4@hibu.com,Male
402,Red,Futcher,rfutcherb5@columbia.edu,Male
403,Morgan,Vayro,mvayrob6@ebay.com,Male
404,Margit,Flips,mflipsb7@irs.gov,Female
405,Monte,Huge,mhugeb8@sourceforge.net,Male
406,Pietro,Lubeck,plubeckb9@t-online.de,Male
407,Silvie,Burtonshaw,sburtonshawba@csmonitor.com,Female
408,Klarrisa,Izzatt,kizzattbb@yahoo.com,Female
409,Blinni,Bridgland,bbridglandbc@ezinearticles.com,Female
410,Hale,Ragless,hraglessbd@unc.edu,Male
411,Gerry,Brizland,gbrizlandbe@ft.com,Male
412,Alasteir,Frantz,afrantzbf@mozilla.org,Male
413,Cleavland,Cremer,ccremerbg@arizona.edu,Male
414,Gloriane,Kembley,gkembleybh@skyrock.com,Female
415,Gabrila,Janacek,gjanacekbi@woothemes.com,Female
416,Tobe,Goodhay,tgoodhaybj@hhs.gov,Female
417,Milt,Buxam,mbuxambk@engadget.com,Male
418,Boyd,Jotham,bjothambl@sohu.com,Male
419,Lyndsey,Masden,lmasdenbm@pen.io,Female
420,Sam,Ipsly,sipslybn@marriott.com,Female
421,Tildie,Goneau,tgoneaubo@360.cn,Female
422,Philis,Dahmke,pdahmkebp@hp.com,Female
423,Lissa,Hiner,lhinerbq@fastcompany.com,Female
424,Malachi,Hares,mharesbr@biglobe.ne.jp,Male
425,Bryon,Konzel,bkonzelbs@dion.ne.jp,Male
426,Donovan,Boggis,dboggisbt@fastcompany.com,Male
427,Fred,Balk,fbalkbu@indiegogo.com,Male
428,Neile,Farrans,nfarransbv@berkeley.edu,Female
429,Georgiana,Trewett,gtrewettbw@joomla.org,Female
430,Saundra,Pien,spienbx@techcrunch.com,Male
431,Isacco,Van,ivanby@tamu.edu,Male
432,Troy,MacMorland,tmacmorlandbz@telegraph.co.uk,Male
433,Wynn,Danser,wdanserc0@jigsy.com,Male
434,Hasheem,Etteridge,hetteridgec1@cyberchimps.com,Male
435,Brenna,Munnery,bmunneryc2@e-recht24.de,Female
436,Marv,Surfleet,msurfleetc3@hc360.com,Male
437,Colet,Beven,cbevenc4@sciencedirect.com,Male
438,Hanan,Storres,hstorresc5@gnu.org,Male
439,Suellen,Dowall,sdowallc6@friendfeed.com,Female
440,Jilleen,Aldersey,jalderseyc7@wired.com,Female
441,Myles,Grute,mgrutec8@shareasale.com,Male
442,Tabbie,Rentilll,trentilllc9@netlog.com,Female
443,Calypso,Trumble,ctrumbleca@berkeley.edu,Female
444,Steffie,Jost,sjostcb@chron.com,Female
445,Madelon,Watford,mwatfordcc@cargocollective.com,Female
446,Flor,Elgar,felgarcd@constantcontact.com,Female
447,Lolly,Altamirano,laltamiranoce@skype.com,Female
448,Bella,Banton,bbantoncf@gmpg.org,Female
449,Earle,Pawsey,epawseycg@myspace.com,Male
450,Adrienne,Haseldine,ahaseldinech@nyu.edu,Female
451,Camilla,Errowe,cerroweci@omniture.com,Female
452,Valentijn,Sivyour,vsivyourcj@plala.or.jp,Male
453,Timoteo,Cokly,tcoklyck@sohu.com,Male
454,Tom,Dessaur,tdessaurcl@live.com,Male
455,Cilka,Docharty,cdochartycm@theatlantic.com,Female
456,Woodrow,Lucken,wluckencn@shop-pro.jp,Male
457,Rowland,Jefferies,rjefferiesco@shop-pro.jp,Male
458,Zebulon,May,zmaycp@comcast.net,Male
459,Stormie,Whitehair,swhitehaircq@booking.com,Female
460,Della,Castagneto,dcastagnetocr@nbcnews.com,Female
461,Neal,Sommerfeld,nsommerfeldcs@dailymotion.com,Male
462,Gregory,Murton,gmurtonct@amazon.de,Male
463,Haskel,Hentze,hhentzecu@google.com.au,Male
464,Fiona,Harrie,fharriecv@utexas.edu,Female
465,Roseanna,Simeoli,rsimeolicw@businesswire.com,Female
466,Sax,Behling,sbehlingcx@cbslocal.com,Male
467,Skip,Horrell,shorrellcy@eepurl.com,Male
468,Selinda,Danilyak,sdanilyakcz@youku.com,Female
469,Benedetto,McElory,bmceloryd0@hc360.com,Male
470,Kylie,Heningham,kheninghamd1@cnet.com,Male
471,Meara,Smiz,msmizd2@yandex.ru,Female
472,Tuck,Couchman,tcouchmand3@ibm.com,Male
473,Horace,Kowal,hkowald4@altervista.org,Male
474,Marven,Karlsson,mkarlssond5@eepurl.com,Male
475,Euell,Desantis,edesantisd6@cnet.com,Male
476,Josee,Shilstone,jshilstoned7@cnet.com,Female
477,Donny,Marie,dmaried8@exblog.jp,Female
478,Hubie,Grzegorecki,hgrzegoreckid9@eventbrite.com,Male
479,Rutger,Garritley,rgarritleyda@time.com,Male
480,Stephen,Spurgeon,sspurgeondb@huffingtonpost.com,Male
481,Nikolaos,Coleman,ncolemandc@chicagotribune.com,Male
482,Muffin,Trustrie,mtrustriedd@google.es,Male
483,Nigel,Wake,nwakede@accuweather.com,Male
484,Biddy,Parmby,bparmbydf@mashable.com,Female
485,Kalil,Stedmond,kstedmonddg@accuweather.com,Male
486,Theodoric,Rozea,trozeadh@comcast.net,Male
487,Joleen,Nafziger,jnafzigerdi@slideshare.net,Female
488,Layney,Wreath,lwreathdj@pinterest.com,Female
489,Raimondo,Leidl,rleidldk@uiuc.edu,Male
490,Kort,Crocombe,kcrocombedl@unesco.org,Male
491,Donna,Burnside,dburnsidedm@mtv.com,Female
492,Elmore,Hardern,eharderndn@dot.gov,Male
493,Bernete,Johanssen,bjohanssendo@wp.com,Female
494,Clarence,Hallor,challordp@cbslocal.com,Male
495,Tucker,Rouch,trouchdq@mayoclinic.com,Male
496,Ilka,Maskell,imaskelldr@businessinsider.com,Female
497,Elsworth,Lympenie,elympenieds@illinois.edu,Male
498,Timmie,Stollmeier,tstollmeierdt@arstechnica.com,Female
499,Ofella,Hearn,ohearndu@studiopress.com,Female
500,Gerhard,Yakunkin,gyakunkindv@foxnews.com,Male
501,Rey,McVanamy,rmcvanamydw@illinois.edu,Male
502,Raimund,Witsey,rwitseydx@jiathis.com,Male
503,Rickie,Valois,rvaloisdy@printfriendly.com,Female
504,Gwenore,Phizacklea,gphizackleadz@rediff.com,Female
505,Ivette,Saile,isailee0@livejournal.com,Female
506,Lauritz,Vonasek,lvonaseke1@patch.com,Male
507,Judy,Orring,jorringe2@w3.org,Female
508,Norene,Reily,nreilye3@nyu.edu,Female
509,Mannie,Dranfield,mdranfielde4@comsenz.com,Male
510,Ossie,Bevis,obevise5@cargocollective.com,Male
511,Cyrill,Klimentov,cklimentove6@flavors.me,Male
512,Donal,Gatley,dgatleye7@wikia.com,Male
513,Mora,Hauxley,mhauxleye8@netlog.com,Female
514,Diarmid,Holyland,dholylande9@wsj.com,Male
515,Fax,Bidnall,fbidnallea@posterous.com,Male
516,Hedda,Milstead,hmilsteadeb@biblegateway.com,Female
517,Lisetta,Monkeman,lmonkemanec@sohu.com,Female
518,Sofia,Saull,ssaulled@businessinsider.com,Female
519,Georgianna,Mixhel,gmixhelee@photobucket.com,Female
520,Frazier,Peasby,fpeasbyef@myspace.com,Male
521,Morry,Kopke,mkopkeeg@addthis.com,Male
522,Clem,Luppitt,cluppitteh@gnu.org,Female
523,Catina,McKevitt,cmckevittei@illinois.edu,Female
524,Renault,Jaslem,rjaslemej@independent.co.uk,Male
525,Hyacinthe,Bevans,hbevansek@sun.com,Female
526,Connor,Alltimes,calltimesel@state.tx.us,Male
527,Murial,Chapelhow,mchapelhowem@ihg.com,Female
528,Murray,Friend,mfrienden@unc.edu,Male
529,Greggory,Jeffery,gjefferyeo@about.com,Male
530,Stuart,Victor,svictorep@yelp.com,Male
531,Lewiss,Dainton,ldaintoneq@wp.com,Male
532,Clary,Yesson,cyessoner@nba.com,Female
533,Rab,Jollie,rjolliees@facebook.com,Male
534,Angeli,Prestland,aprestlandet@mediafire.com,Male
535,Louise,Loxton,lloxtoneu@webnode.com,Female
536,Drona,Boxhall,dboxhallev@disqus.com,Female
537,Gun,Vossing,gvossingew@reuters.com,Male
538,Hillel,Dysert,hdysertex@paginegialle.it,Male
539,Phedra,Spradbrow,pspradbrowey@nyu.edu,Female
540,Randal,Speechley,rspeechleyez@yelp.com,Male
541,Horst,Cawte,hcawtef0@geocities.com,Male
542,Chrissy,Cruces,ccrucesf1@who.int,Male
543,Rhoda,Heppenspall,rheppenspallf2@4shared.com,Female
544,Leonidas,Swyndley,lswyndleyf3@godaddy.com,Male
545,Jed,Doddemeade,jdoddemeadef4@bbb.org,Male
546,Sarge,Toothill,stoothillf5@multiply.com,Male
547,Douglas,Fothergill,dfothergillf6@privacy.gov.au,Male
548,Valentino,Yankishin,vyankishinf7@nydailynews.com,Male
549,Annadiana,Martin,amartinf8@nba.com,Female
550,Ximenes,Webb,xwebbf9@list-manage.com,Male
551,Grete,Darnbrook,gdarnbrookfa@networkadvertising.org,Female
552,Cosme,Sink,csinkfb@cnet.com,Male
553,Paloma,Madine,pmadinefc@t.co,Female
554,Tobiah,Tubbs,ttubbsfd@psu.edu,Male
555,Carter,Marriner,cmarrinerfe@bizjournals.com,Male
556,Ketti,Dilleston,kdillestonff@imageshack.us,Female
557,Kenton,Lettson,klettsonfg@flickr.com,Male
558,Corinna,Licence,clicencefh@discovery.com,Female
559,Minetta,Hoggins,mhogginsfi@msn.com,Female
560,Page,Gotter,pgotterfj@sciencedirect.com,Male
561,Martin,Wilmington,mwilmingtonfk@umn.edu,Male
562,Willow,Leidecker,wleideckerfl@deviantart.com,Female
563,Lock,Jindracek,ljindracekfm@ocn.ne.jp,Male
564,Shelley,Spence,sspencefn@acquirethisname.com,Male
565,Olva,Cranmere,ocranmerefo@dagondesign.com,Female
566,Mahala,Yven,myvenfp@hud.gov,Female
567,Edouard,Prestage,eprestagefq@jiathis.com,Male
568,Gavan,Tanton,gtantonfr@imageshack.us,Male
569,Bale,Barbosa,bbarbosafs@angelfire.com,Male
570,Kay,Dumbar,kdumbarft@theguardian.com,Female
571,Clement,Biddiss,cbiddissfu@tumblr.com,Male
572,Christoph,Lambart,clambartfv@google.com.hk,Male
573,Wallis,Eade,weadefw@amazon.co.uk,Male
574,Archibald,Fedder,afedderfx@xing.com,Male
575,Miranda,Eynaud,meynaudfy@stanford.edu,Female
576,Allis,Lawton,alawtonfz@e-recht24.de,Female
577,Debbie,Bretherton,dbrethertong0@sourceforge.net,Female
578,Emmanuel,Byk,ebykg1@skyrock.com,Male
579,Otho,Livens,olivensg2@parallels.com,Male
580,Penelopa,Torrans,ptorransg3@webnode.com,Female
581,Merla,Sharrem,msharremg4@sitemeter.com,Female
582,Felicity,Meates,fmeatesg5@gravatar.com,Female
583,Augustine,Cicullo,acicullog6@springer.com,Female
584,Thadeus,Fittis,tfittisg7@nba.com,Male
585,Shayne,Birley,sbirleyg8@cargocollective.com,Female
586,Charmian,Spain-Gower,cspaingowerg9@amazon.com,Female
587,Jermain,Davidovic,jdavidovicga@dot.gov,Male
588,Bryon,Moye,bmoyegb@cisco.com,Male
589,Gaye,Blencowe,gblencowegc@amazon.de,Female
590,Porter,Gulleford,pgullefordgd@linkedin.com,Male
591,Adriana,Prattington,aprattingtonge@chronoengine.com,Female
592,Tierney,Beau,tbeaugf@cocolog-nifty.com,Female
593,Emelen,Scutt,escuttgg@loc.gov,Male
594,Artie,Towersey,atowerseygh@imageshack.us,Male
595,Mari,Thomen,mthomengi@slideshare.net,Female
596,Bliss,Eble,beblegj@hubpages.com,Female
597,Loren,Gilfillan,lgilfillangk@theatlantic.com,Male
598,Alli,Pelerin,apeleringl@forbes.com,Female
599,Abbie,Dade,adadegm@infoseek.co.jp,Female
600,Morty,Stear,msteargn@t.co,Male
601,Torey,Shelp,tshelpgo@fotki.com,Female
602,Lindi,Dowd,ldowdgp@gnu.org,Female
603,Halette,Yerrill,hyerrillgq@deviantart.com,Female
604,Brita,Gainfort,bgainfortgr@unc.edu,Female
605,Sigfrid,Bakhrushin,sbakhrushings@gnu.org,Male
606,Gabrila,Pether,gpethergt@smh.com.au,Female
607,Scott,Kempton,skemptongu@samsung.com,Male
608,Darrel,Serrurier,dserruriergv@bbc.co.uk,Male
609,Giorgio,Klauber,gklaubergw@canalblog.com,Male
610,Yolande,Borkin,yborkingx@istockphoto.com,Female
611,Eilis,Boydon,eboydongy@delicious.com,Female
612,Wilek,Bodechon,wbodechongz@artisteer.com,Male
613,Leland,Preto,lpretoh0@irs.gov,Male
614,Cirillo,Schooling,cschoolingh1@accuweather.com,Male
615,Camey,Genge,cgengeh2@linkedin.com,Male
616,Laverna,Bielfeldt,lbielfeldth3@va.gov,Female
617,Pavla,Lebreton,plebretonh4@washington.edu,Female
618,Shannen,Wellman,swellmanh5@mysql.com,Female
619,Aharon,Millward,amillwardh6@cpanel.net,Male
620,Edna,Kamall,ekamallh7@un.org,Female
621,Dacia,Divall,ddivallh8@domainmarket.com,Female
622,Tuck,Hammerich,thammerichh9@cafepress.com,Male
623,Bobbie,Helin,bhelinha@weibo.com,Male
624,Sabra,Bunworth,sbunworthhb@ft.com,Female
625,Ronica,Garley,rgarleyhc@bing.com,Female
626,Freddy,Gambles,fgambleshd@paypal.com,Female
627,Sax,Ingreda,singredahe@typepad.com,Male
628,Brad,Kubiczek,bkubiczekhf@ted.com,Male
629,Mavis,Slisby,mslisbyhg@tinypic.com,Female
630,Jerry,Baddoe,jbaddoehh@salon.com,Female
631,Maryrose,Minocchi,mminocchihi@bravesites.com,Female
632,Aili,Mariolle,amariollehj@printfriendly.com,Female
633,Christin,Dubbin,cdubbinhk@ft.com,Female
634,Margarete,Di Dello,mdidellohl@geocities.com,Female
635,Leonie,Basset,lbassethm@privacy.gov.au,Female
636,Miguel,Berthon,mberthonhn@tiny.cc,Male
637,Allissa,Longwood,alongwoodho@sciencedirect.com,Female
638,Solomon,Sheeres,ssheereshp@yellowbook.com,Male
639,Suzy,Huey,shueyhq@usatoday.com,Female
640,Brandise,Rawcliffe,brawcliffehr@marriott.com,Female
641,Maura,Golt,mgolths@51.la,Female
642,Baird,Georgeson,bgeorgesonht@omniture.com,Male
643,Winn,Penswick,wpenswickhu@theatlantic.com,Male
644,Hedy,Planks,hplankshv@desdev.cn,Female
645,Cory,Munford,cmunfordhw@usa.gov,Male
646,Dorothy,Askell,daskellhx@marriott.com,Female
647,Stacia,Rosenwald,srosenwaldhy@google.com,Female
648,Shem,Peatheyjohns,speatheyjohnshz@sohu.com,Male
649,Chaddy,Cridlon,ccridloni0@businessinsider.com,Male
650,Rodolph,Haton,rhatoni1@yolasite.com,Male
651,Quill,Drake,qdrakei2@apache.org,Male
652,Isabelle,Cohan,icohani3@stanford.edu,Female
653,Jessie,Loney,jloneyi4@fc2.com,Male
654,Bell,Mithon,bmithoni5@unesco.org,Female
655,Jervis,Veschambre,jveschambrei6@statcounter.com,Male
656,Hadria,Andriessen,handriesseni7@nps.gov,Female
657,Florian,Angrave,fangravei8@ox.ac.uk,Male
658,Duncan,Laird,dlairdi9@youtube.com,Male
659,Walliw,Lafoy,wlafoyia@pagesperso-orange.fr,Female
660,Gunilla,Monroe,gmonroeib@homestead.com,Female
661,Robers,Hatliff,rhatliffic@g.co,Male
662,Hamel,Massei,hmasseiid@ustream.tv,Male
663,Michele,Rushman,mrushmanie@123-reg.co.uk,Male
664,Shelagh,Scanlon,sscanlonif@umich.edu,Female
665,Abbey,Sparry,asparryig@prnewswire.com,Male
666,Keriann,Beathem,kbeathemih@vistaprint.com,Female
667,Quincy,Toretta,qtorettaii@ft.com,Male
668,Brade,Munkton,bmunktonij@sogou.com,Male
669,Euell,Wingatt,ewingattik@mac.com,Male
670,Fayina,Hawkey,fhawkeyil@zdnet.com,Female
671,Joela,Conford,jconfordim@issuu.com,Female
672,Rosy,Beneix,rbeneixin@ycombinator.com,Female
673,Rivi,Ibbotson,ribbotsonio@com.com,Female
674,Valle,Havercroft,vhavercroftip@taobao.com,Male
675,Darrin,Brick,dbrickiq@slashdot.org,Male
676,Zara,Rouse,zrouseir@guardian.co.uk,Female
677,Dione,Lidgate,dlidgateis@youtu.be,Female
678,Jay,Pill,jpillit@ifeng.com,Male
679,Morena,Fettis,mfettisiu@w3.org,Female
680,Alfred,Hendrich,ahendrichiv@independent.co.uk,Male
681,Christabel,Adamo,cadamoiw@ihg.com,Female
682,Arleen,Kettlestringes,akettlestringesix@netscape.com,Female
683,Aurelia,Whiteland,awhitelandiy@alibaba.com,Female
684,Lorita,Attenborrow,lattenborrowiz@symantec.com,Female
685,Allison,Drewe,adrewej0@pinterest.com,Female
686,Virgie,Sepey,vsepeyj1@dot.gov,Male
687,Vaughn,Churchward,vchurchwardj2@issuu.com,Male
688,Lesley,Blaske,lblaskej3@jiathis.com,Male
689,Odo,Bryer,obryerj4@example.com,Male
690,Davie,Belt,dbeltj5@cocolog-nifty.com,Male
691,Tommie,Weaben,tweabenj6@admin.ch,Male
692,Lyle,Bravey,lbraveyj7@thetimes.co.uk,Male
693,Moselle,Curnow,mcurnowj8@wiley.com,Female
694,Davida,Hurling,dhurlingj9@dion.ne.jp,Female
695,Rina,Hugle,rhugleja@github.com,Female
696,Bing,Jarmain,bjarmainjb@exblog.jp,Male
697,Virgina,Spurr,vspurrjc@nasa.gov,Female
698,Derrek,Di Ruggero,ddiruggerojd@furl.net,Male
699,Keenan,Regan,kreganje@shutterfly.com,Male
700,Ad,Tejada,atejadajf@webs.com,Male
701,Cherish,Beaten,cbeatenjg@addthis.com,Female
702,Dorthea,Frankes,dfrankesjh@alexa.com,Female
703,Cherri,Hembling,chemblingji@nhs.uk,Female
704,Husain,Theuss,htheussjj@wikimedia.org,Male
705,Mellie,McMychem,mmcmychemjk@google.co.uk,Female
706,Anderea,Mellon,amellonjl@msn.com,Female
707,Billy,Golden,bgoldenjm@upenn.edu,Male
708,Regine,Louys,rlouysjn@t-online.de,Female
709,Waylen,Hartburn,whartburnjo@pcworld.com,Male
710,Kailey,Knevit,kknevitjp@wired.com,Female
711,Alf,Pettigree,apettigreejq@list-manage.com,Male
712,Blanche,Rumsey,brumseyjr@altervista.org,Female
713,Madella,Speerman,mspeermanjs@wordpress.com,Female
714,Jackie,Nowell,jnowelljt@51.la,Male
715,Sebastiano,McCaughran,smccaughranju@typepad.com,Male
716,Roobbie,Phethean,rphetheanjv@columbia.edu,Female
717,Rasia,Cunradi,rcunradijw@yahoo.co.jp,Female
718,Clemens,Gilchriest,cgilchriestjx@reverbnation.com,Male
719,Giacopo,Jozefczak,gjozefczakjy@facebook.com,Male
720,Huey,Redmond,hredmondjz@admin.ch,Male
721,Minor,Duckfield,mduckfieldk0@godaddy.com,Male
722,Dreddy,Tarr,dtarrk1@cbslocal.com,Female
723,Gwenore,Bellinger,gbellingerk2@tripod.com,Female
724,Lory,Kirkwood,lkirkwoodk3@dmoz.org,Female
725,Joye,Rossbrook,jrossbrookk4@spotify.com,Female
726,Ker,Hazeman,khazemank5@uiuc.edu,Male
727,Godwin,Blyth,gblythk6@vimeo.com,Male
728,Malachi,Loffhead,mloffheadk7@apache.org,Male
729,Florance,Lovelady,floveladyk8@tumblr.com,Female
730,Darb,Falk,dfalkk9@amazon.de,Male
731,Charis,Retchless,cretchlesska@cargocollective.com,Female
732,Conn,Cuberley,ccuberleykb@etsy.com,Male
733,Leif,Schooley,lschooleykc@java.com,Male
734,Bobina,Leamy,bleamykd@cam.ac.uk,Female
735,Wileen,Killen,wkillenke@google.it,Female
736,Mortie,Ornils,mornilskf@merriam-webster.com,Male
737,Grant,Bewicke,gbewickekg@ted.com,Male
738,Westbrooke,Langlois,wlangloiskh@wordpress.org,Male
739,Clarence,Van Oort,cvanoortki@miitbeian.gov.cn,Male
740,Conrade,Aleksidze,caleksidzekj@tripod.com,Male
741,Alexandro,Scottrell,ascottrellkk@jimdo.com,Male
742,Tyrone,enzley,tenzleykl@deviantart.com,Male
743,Timothy,Verheijden,tverheijdenkm@businessinsider.com,Male
744,Asher,Kembry,akembrykn@craigslist.org,Male
745,Jaimie,Harm,jharmko@google.de,Male
746,Iggie,Basten,ibastenkp@usnews.com,Male
747,Urbano,Deener,udeenerkq@hubpages.com,Male
748,Corrianne,Besson,cbessonkr@chronoengine.com,Female
749,Bronnie,Wibrew,bwibrewks@list-manage.com,Male
750,Towney,McGorman,tmcgormankt@yellowbook.com,Male
751,Lona,Adelman,ladelmanku@prlog.org,Female
752,Ruy,Cudd,rcuddkv@japanpost.jp,Male
753,Windy,Menier,wmenierkw@netvibes.com,Female
754,Cyb,Dawbery,cdawberykx@nifty.com,Female
755,Michaella,Saward,msawardky@phpbb.com,Female
756,Rodney,Riseley,rriseleykz@t-online.de,Male
757,Anthony,Tatnell,atatnelll0@yale.edu,Male
758,Omero,Waylen,owaylenl1@alexa.com,Male
759,Benyamin,Kleinpeltz,bkleinpeltzl2@deliciousdays.com,Male
760,Carlye,Belloch,cbellochl3@themeforest.net,Female
761,Desiree,Yosselevitch,dyosselevitchl4@adobe.com,Female
762,Kerrie,Flatt,kflattl5@biglobe.ne.jp,Female
763,Valentine,Prettjohn,vprettjohnl6@canalblog.com,Female
764,Ora,Conkie,oconkiel7@people.com.cn,Female
765,Bevvy,Vize,bvizel8@redcross.org,Female
766,Pammi,Matonin,pmatoninl9@google.it,Female
767,Aggi,Alchin,aalchinla@arstechnica.com,Female
768,Antony,Keough,akeoughlb@discuz.net,Male
769,Egor,Bartels,ebartelslc@ed.gov,Male
770,Worth,Lawtie,wlawtield@google.com.br,Male
771,Joscelin,Kobiela,jkobielale@google.es,Female
772,Moises,Lodwick,mlodwicklf@mayoclinic.com,Male
773,Briney,Reeman,breemanlg@disqus.com,Female
774,Jennee,Bownde,jbowndelh@wp.com,Female
775,Mal,Gonnin,mgonninli@bluehost.com,Male
776,Benni,Heading,bheadinglj@yellowbook.com,Female
777,Ferdinande,Weathey,fweatheylk@amazon.de,Female
778,Wileen,Szimoni,wszimonill@livejournal.com,Female
779,Ham,Mussotti,hmussottilm@abc.net.au,Male
780,Joshia,Glasscoe,jglasscoeln@apache.org,Male
781,Pippy,Bassilashvili,pbassilashvililo@earthlink.net,Female
782,Helga,Michele,hmichelelp@sun.com,Female
783,Chrissy,Peaple,cpeaplelq@addtoany.com,Female
784,Keefe,Powling,kpowlinglr@g.co,Male
785,Della,Laidler,dlaidlerls@bing.com,Female
786,Leonidas,Figgins,lfigginslt@delicious.com,Male
787,Henrik,O'Luby,holubylu@latimes.com,Male
788,Aili,Grisedale,agrisedalelv@shareasale.com,Female
789,Ogdon,Platts,oplattslw@bing.com,Male
790,Matilde,Willowby,mwillowbylx@cornell.edu,Female
791,Rube,Bengtsson,rbengtssonly@squarespace.com,Male
792,Wallache,Genike,wgenikelz@fema.gov,Male
793,Ekaterina,Baskerfield,ebaskerfieldm0@edublogs.org,Female
794,Mikkel,Zieme,mziemem1@buzzfeed.com,Male
795,Raye,Cracknell,rcracknellm2@oakley.com,Female
796,Samara,Roland,srolandm3@illinois.edu,Female
797,Phineas,Cureton,pcuretonm4@redcross.org,Male
798,Lyda,Noriega,lnoriegam5@webmd.com,Female
799,Maurise,Rew,mrewm6@dion.ne.jp,Female
800,Colan,Ambrosch,cambroschm7@cnbc.com,Male
801,Jesse,O'Keevan,jokeevanm8@dot.gov,Male
802,Olvan,Langrick,olangrickm9@webmd.com,Male
803,Verney,Le Prevost,vleprevostma@pbs.org,Male
804,Nissa,Towsie,ntowsiemb@huffingtonpost.com,Female
805,Rockie,Osgerby,rosgerbymc@seesaa.net,Male
806,Ermentrude,Hassent,ehassentmd@apple.com,Female
807,Lyle,Croisier,lcroisierme@auda.org.au,Male
808,Charlton,Velte,cveltemf@reuters.com,Male
809,Janenna,Skells,jskellsmg@angelfire.com,Female
810,Kaylil,Vakhlov,kvakhlovmh@elpais.com,Female
811,Astrix,Louiset,alouisetmi@imageshack.us,Female
812,Curt,Caesman,ccaesmanmj@merriam-webster.com,Male
813,Marti,Trew,mtrewmk@sphinn.com,Female
814,Gage,Kydd,gkyddml@bloomberg.com,Male
815,Vallie,Luetkemeyers,vluetkemeyersmm@telegraph.co.uk,Female
816,Pattin,Huzzey,phuzzeymn@baidu.com,Male
817,Carlota,Plaister,cplaistermo@mail.ru,Female
818,Dugald,Duchasteau,dduchasteaump@ebay.co.uk,Male
819,Johanna,Lavigne,jlavignemq@list-manage.com,Female
820,Lorna,Buck,lbuckmr@smugmug.com,Female
821,Monique,Terris,mterrisms@google.nl,Female
822,Darda,Weyland,dweylandmt@apache.org,Female
823,Vernen,Lascelles,vlascellesmu@bizjournals.com,Male
824,Hermy,Huard,hhuardmv@mozilla.com,Male
825,Ulrich,Gerwood,ugerwoodmw@cisco.com,Male
826,Jada,Veivers,jveiversmx@comcast.net,Female
827,Ardath,Elsop,aelsopmy@google.cn,Female
828,Pegeen,Mifflin,pmifflinmz@google.com.br,Female
829,Norry,Soulsby,nsoulsbyn0@loc.gov,Male
830,Aldin,Van Halle,avanhallen1@dropbox.com,Male
831,Hanni,Pecey,hpeceyn2@macromedia.com,Female
832,Annaliese,Keniwell,akeniwelln3@pbs.org,Female
833,Gaven,Woolatt,gwoolattn4@freewebs.com,Male
834,Prentice,Wrinch,pwrinchn5@livejournal.com,Male
835,Dredi,McLenaghan,dmclenaghann6@furl.net,Female
836,Hamish,Sanney,hsanneyn7@fotki.com,Male
837,Emyle,Whapples,ewhapplesn8@nationalgeographic.com,Female
838,Minta,Rye,mryen9@google.com.br,Female
839,Nestor,Truin,ntruinna@hc360.com,Male
840,Ransom,Yosifov,ryosifovnb@yolasite.com,Male
841,Wilbur,Jouanot,wjouanotnc@dailymail.co.uk,Male
842,Joby,MacCumeskey,jmaccumeskeynd@msu.edu,Female
843,Diahann,Tortice,dtorticene@independent.co.uk,Female
844,Kathrine,Waistell,kwaistellnf@dion.ne.jp,Female
845,Jory,Locke,jlockeng@smh.com.au,Male
846,Frayda,Vezey,fvezeynh@zdnet.com,Female
847,Amara,Calven,acalvenni@nhs.uk,Female
848,Anthia,Chedzoy,achedzoynj@mac.com,Female
849,Nicholle,Somerbell,nsomerbellnk@webmd.com,Female
850,Ealasaid,Scandred,escandrednl@reverbnation.com,Female
851,Alexandros,Blouet,ablouetnm@unblog.fr,Male
852,Bryan,Burnand,bburnandnn@parallels.com,Male
853,Alastair,Hasty,ahastyno@csmonitor.com,Male
854,Natassia,Shapcott,nshapcottnp@a8.net,Female
855,Maynard,Stonestreet,mstonestreetnq@blog.com,Male
856,Isador,Shakespear,ishakespearnr@skype.com,Male
857,Andee,Frantzen,afrantzenns@timesonline.co.uk,Female
858,Kara-lynn,Dowall,kdowallnt@latimes.com,Female
859,Thalia,Borton,tbortonnu@parallels.com,Female
860,Janis,Dudenie,jdudenienv@booking.com,Female
861,Harriett,Le Huquet,hlehuquetnw@apache.org,Female
862,Amabel,Luno,alunonx@answers.com,Female
863,Dwain,Idiens,didiensny@barnesandnoble.com,Male
864,Crawford,Cheatle,ccheatlenz@tumblr.com,Male
865,Clywd,Winspar,cwinsparo0@loc.gov,Male
866,Bettine,Gueinn,bgueinno1@ucoz.ru,Female
867,Izzy,Skough,iskougho2@taobao.com,Male
868,Charlena,Ugoni,cugonio3@wikipedia.org,Female
869,Arvin,MacNamara,amacnamarao4@amazon.de,Male
870,Abrahan,Kenvin,akenvino5@amazon.co.uk,Male
871,Patrice,Sancias,psanciaso6@squidoo.com,Female
872,Valeda,Moorton,vmoortono7@linkedin.com,Female
873,Jania,Rantoul,jrantoulo8@goodreads.com,Female
874,Mirna,Jaksic,mjaksico9@amazonaws.com,Female
875,Carolyn,Bunney,cbunneyoa@eventbrite.com,Female
876,Orelia,Gouldthorp,ogouldthorpob@nydailynews.com,Female
877,Wynn,Kinvig,wkinvigoc@tripadvisor.com,Female
878,Joline,MacUchadair,jmacuchadairod@miitbeian.gov.cn,Female
879,Odie,Coleborn,ocolebornoe@mashable.com,Male
880,Mohandis,Steward,mstewardof@npr.org,Male
881,Elaine,Sainte Paul,esaintepaulog@google.fr,Female
882,Millie,Togwell,mtogwelloh@pinterest.com,Female
883,Drona,Grumley,dgrumleyoi@example.com,Female
884,Ofelia,Rockcliff,orockcliffoj@home.pl,Female
885,Geraldine,Duckfield,gduckfieldok@wikia.com,Female
886,Edith,Duplan,eduplanol@clickbank.net,Female
887,Jennette,Segge,jseggeom@odnoklassniki.ru,Female
888,Winfield,Gabriel,wgabrielon@reuters.com,Male
889,Lola,Lytlle,llytlleoo@ft.com,Female
890,Nicky,Pettengell,npettengellop@go.com,Female
891,Roze,Bolus,rbolusoq@microsoft.com,Female
892,Felic,Eaglesham,feagleshamor@nhs.uk,Male
893,Cristina,Westgarth,cwestgarthos@oaic.gov.au,Female
894,Hasheem,Erwin,herwinot@themeforest.net,Male
895,Mellisa,Butten,mbuttenou@mozilla.org,Female
896,Jerrie,Gommes,jgommesov@independent.co.uk,Male
897,Mattias,Betonia,mbetoniaow@imageshack.us,Male
898,Celia,Stuehmeyer,cstuehmeyerox@godaddy.com,Female
899,Maude,English,menglishoy@macromedia.com,Female
900,Rahel,Kepling,rkeplingoz@ocn.ne.jp,Female
901,Hall,Girke,hgirkep0@twitpic.com,Male
902,Glynnis,Allom,gallomp1@nationalgeographic.com,Female
903,Templeton,Calan,tcalanp2@nymag.com,Male
904,Armin,Barsby,abarsbyp3@t-online.de,Male
905,Elly,Scay,escayp4@phpbb.com,Female
906,Xenos,Neames,xneamesp5@phoca.cz,Male
907,Lyssa,Stormont,lstormontp6@constantcontact.com,Female
908,Quinn,Dumsday,qdumsdayp7@twitpic.com,Male
909,Martainn,Frake,mfrakep8@forbes.com,Male
910,Iain,Sayles,isaylesp9@vk.com,Male
911,Llywellyn,Magor,lmagorpa@marketwatch.com,Male
912,Ryley,Gorstidge,rgorstidgepb@barnesandnoble.com,Male
913,Marley,Cowden,mcowdenpc@blinklist.com,Female
914,Alleyn,Cossons,acossonspd@biglobe.ne.jp,Male
915,Sim,Ongin,songinpe@google.ca,Male
916,Sid,Torra,storrapf@biblegateway.com,Male
917,Elyn,Darwin,edarwinpg@scribd.com,Female
918,Annetta,Pickavant,apickavantph@foxnews.com,Female
919,Erwin,Blare,eblarepi@cmu.edu,Male
920,Gizela,Lambal,glambalpj@jiathis.com,Female
921,Sammy,Joust,sjoustpk@4shared.com,Female
922,Emylee,Lanphier,elanphierpl@blogs.com,Female
923,Niels,Stanyard,nstanyardpm@cargocollective.com,Male
924,Norene,Bottby,nbottbypn@skyrock.com,Female
925,Ellery,Ganing,eganingpo@people.com.cn,Male
926,Dalis,Bail,dbailpp@cdc.gov,Male
927,Engracia,Norrie,enorriepq@constantcontact.com,Female
928,Noam,Kollatsch,nkollatschpr@nbcnews.com,Male
929,Reta,Maric,rmaricps@timesonline.co.uk,Female
930,Thaddeus,Callaway,tcallawaypt@scientificamerican.com,Male
931,Carlos,Mc Kellen,cmckellenpu@slashdot.org,Male
932,Tully,Drabble,tdrabblepv@ucoz.ru,Male
933,Heall,Perigeaux,hperigeauxpw@sciencedaily.com,Male
934,Felipa,Robichon,frobichonpx@canalblog.com,Female
935,Hali,Bolus,hboluspy@miibeian.gov.cn,Female
936,Ewan,Lyster,elysterpz@shareasale.com,Male
937,Siobhan,Tumelty,stumeltyq0@shareasale.com,Female
938,Trude,Lenden,tlendenq1@businesswire.com,Female
939,Em,Tapsfield,etapsfieldq2@t-online.de,Male
940,Cecily,Shafier,cshafierq3@indiegogo.com,Female
941,Morey,Miere,mmiereq4@hp.com,Male
942,De witt,Killock,dkillockq5@yale.edu,Male
943,Fancie,MacCostigan,fmaccostiganq6@phoca.cz,Female
944,Lorne,Branston,lbranstonq7@latimes.com,Female
945,Laetitia,Stuehmeyer,lstuehmeyerq8@seattletimes.com,Female
946,Barthel,Mewett,bmewettq9@webeden.co.uk,Male
947,Moishe,Whereat,mwhereatqa@yellowpages.com,Male
948,Franky,Parrett,fparrettqb@census.gov,Male
949,Kevon,Mathiassen,kmathiassenqc@gnu.org,Male
950,Meg,Haggas,mhaggasqd@google.com.au,Female
951,Gifford,Petworth,gpetworthqe@lycos.com,Male
952,Lindsay,Fiander,lfianderqf@arstechnica.com,Male
953,Yalonda,Garaghan,ygaraghanqg@time.com,Female
954,Lottie,Ceney,lceneyqh@ted.com,Female
955,Byran,Shipway,bshipwayqi@addthis.com,Male
956,Shepherd,Vlach,svlachqj@liveinternet.ru,Male
957,Kathlin,Yelland,kyellandqk@furl.net,Female
958,Jacquelynn,Geary,jgearyql@mlb.com,Female
959,Marinna,Veldens,mveldensqm@harvard.edu,Female
960,Frederica,Chaffin,fchaffinqn@discovery.com,Female
961,Winna,Goult,wgoultqo@freewebs.com,Female
962,Dallas,Secombe,dsecombeqp@intel.com,Female
963,Verile,Croxley,vcroxleyqq@cbslocal.com,Female
964,Dolf,Roll,drollqr@dell.com,Male
965,Ivy,Streeten,istreetenqs@webnode.com,Female
966,Bord,Dunkersley,bdunkersleyqt@umn.edu,Male
967,Valentine,Novelli,vnovelliqu@cornell.edu,Female
968,Marlowe,Dubique,mdubiqueqv@cdbaby.com,Male
969,Lizzie,Punter,lpunterqw@sohu.com,Female
970,Josie,Delmage,jdelmageqx@ebay.com,Female
971,Eunice,Schumacher,eschumacherqy@apache.org,Female
972,Agneta,De Fraine,adefraineqz@reverbnation.com,Female
973,Yule,Royle,yroyler0@etsy.com,Male
974,Mathian,Copsey,mcopseyr1@taobao.com,Male
975,Colly,Sterman,cstermanr2@mozilla.org,Female
976,Tanney,Riggulsford,triggulsfordr3@japanpost.jp,Male
977,Sinclair,Pactat,spactatr4@smugmug.com,Male
978,Briney,Robelin,brobelinr5@dedecms.com,Female
979,Leif,Dollar,ldollarr6@nsw.gov.au,Male
980,Sena,Iozefovich,siozefovichr7@washingtonpost.com,Female
981,Huey,Kerbler,hkerblerr8@wix.com,Male
982,Jimmie,Staynes,jstaynesr9@reverbnation.com,Male
983,Kessia,Bramble,kbramblera@ted.com,Female
984,Angelico,Phizackarley,aphizackarleyrb@toplist.cz,Male
985,Clair,Moir,cmoirrc@google.it,Female
986,Sumner,Stepto,ssteptord@aboutads.info,Male
987,Catrina,Trueman,ctruemanre@cloudflare.com,Female
988,Johnathon,Hebble,jhebblerf@state.tx.us,Male
989,Ibbie,Mocker,imockerrg@tinyurl.com,Female
990,Bill,Murrow,bmurrowrh@lulu.com,Male
991,Horace,Wybrow,hwybrowri@goo.ne.jp,Male
992,Chickie,Napoleon,cnapoleonrj@blogspot.com,Male
993,Ethan,Ransom,eransomrk@geocities.com,Male
994,Spenser,Boobier,sboobierrl@chronoengine.com,Male
995,Alaric,Raithmill,araithmillrm@samsung.com,Male
996,Web,Beauly,wbeaulyrn@drupal.org,Male
997,Joachim,Silber,jsilberro@cam.ac.uk,Male
998,Kearney,Huntly,khuntlyrp@hud.gov,Male
999,Robb,Eads,readsrq@sfgate.com,Male
1000,Hillery,Dickings,hdickingsrr@gizmodo.com,Male
